<?xml version = "1.0" standalone = "no"?>
<manifest identifier = "Scorm2004_Package" version = "1.0"
    xmlns = "http://www.imsglobal.org/xsd/imscp_v1p1"
    xmlns:adlcp = "http://www.adlnet.org/xsd/adlcp_v1p3"
    xmlns:adlseq = "http://www.adlnet.org/xsd/adlseq_v1p3"
    xmlns:adlnav = "http://www.adlnet.org/xsd/adlnav_v1p3"
    xmlns:imsss = "http://www.imsglobal.org/xsd/imsss"
    xmlns:xsi="http://www.w3.org/2001/XMLSchema-instance"
    xsi:schemaLocation = "http://www.imsglobal.org/xsd/imscp_v1p1 imscp_v1p1.xsd
                                           http://www.adlnet.org/xsd/adlcp_v1p3 adlcp_v1p3.xsd
                                           http://www.adlnet.org/xsd/adlseq_v1p3 adlseq_v1p3.xsd
                                           http://www.adlnet.org/xsd/adlnav_v1p3 adlnav_v1p3.xsd
                                           http://www.imsglobal.org/xsd/imsss imsss_v1p0.xsd"  >
  <metadata>
      <schema>ADL SCORM</schema>
      <schemaversion>2004 4th Edition</schemaversion>
   </metadata>
  <organizations default="assima_courses">
    <organization identifier="assima_courses" >
		  <title><![CDATA[Combined 1-4 Lessons (fb) - DCharron Evaluation Mode]]></title>
        <item identifier="item14372" identifierref="item_resource_14372" isvisible="true">
                        <title><![CDATA[Combined 1-4 Lessons (fb) - DCharron Evaluation Mode]]></title>
                        <metadata>
                          <lom xmlns="http://ltsc.ieee.org/xsd/LOM" xmlns:xsi="http://www.w3.org/2001/XMLSchema-instance" xsi:schemaLocation="http://ltsc.ieee.org/xsd/LOM lom.xsd">
                            <general>
                              <description>
                                <string language="x-none"><![CDATA[]]></string>
                              </description>
                            </general>
                          </lom>
                        </metadata>
                        <imsss:sequencing>
                  <imsss:objectives>
                    <imsss:primaryObjective objectiveID="content_completed" satisfiedByMeasure="true"><imsss:minNormalizedMeasure>0</imsss:minNormalizedMeasure></imsss:primaryObjective>
                  </imsss:objectives>
                  <imsss:deliveryControls completionSetByContent="true" objectiveSetByContent="true" />
              </imsss:sequencing>
                    </item>

    </organization>
  </organizations>
  <resources>
    <resource identifier="item_resource_14372" type="webcontent" adlcp:scormType="sco" href="./index.htm">
                           <file href="./index.htm"/>
                         </resource>

  </resources>
</manifest>